distance,x,y,value
0.000000000000000000e+00,4.000000000000000000e+01,0.000000000000000000e+00,7.240704500978480951e+00
1.803607214428857852e-01,4.000000000000000000e+01,1.803607214428857852e-01,1.028164613636928593e+01
3.607214428857715705e-01,4.000000000000000000e+01,3.607214428857715705e-01,1.231572080887149845e+01
5.410821643286574112e-01,4.000000000000000000e+01,5.410821643286574112e-01,1.231572080887149667e+01
7.214428857715431409e-01,4.000000000000000000e+01,7.214428857715431409e-01,1.133732566241421225e+01
9.018036072144288706e-01,4.000000000000000000e+01,9.018036072144288706e-01,9.859850163471142181e+00
1.082164328657314822e+00,4.000000000000000000e+01,1.082164328657314822e+00,8.296959215234140927e+00
1.262525050100200552e+00,4.000000000000000000e+01,1.262525050100200552e+00,7.240704500978480951e+00
1.442885771543086282e+00,4.000000000000000000e+01,1.442885771543086282e+00,7.240704500978480951e+00
1.623246492985972012e+00,4.000000000000000000e+01,1.623246492985972012e+00,7.240704500978481839e+00
1.803607214428857741e+00,4.000000000000000000e+01,1.803607214428857741e+00,7.240704500978480951e+00
1.983967935871743693e+00,4.000000000000000000e+01,1.983967935871743693e+00,7.240704500978480951e+00
2.164328657314629645e+00,4.000000000000000000e+01,2.164328657314629645e+00,6.684340631687389234e+00
2.344689378757515374e+00,4.000000000000000000e+01,2.344689378757515374e+00,4.933258558865967203e+00
2.525050100200401104e+00,4.000000000000000000e+01,2.525050100200401104e+00,4.318330071754767907e+00
2.705410821643286834e+00,4.000000000000000000e+01,2.705410821643286834e+00,4.318330071754768795e+00
2.885771543086172564e+00,4.000000000000000000e+01,2.885771543086172564e+00,6.034273373884121661e+00
3.066132264529058293e+00,4.000000000000000000e+01,3.066132264529058293e+00,7.240704500978480951e+00
3.246492985971944023e+00,4.000000000000000000e+01,3.246492985971944023e+00,7.240704500978480951e+00
3.426853707414829753e+00,4.000000000000000000e+01,3.426853707414829753e+00,7.240704500978480951e+00
3.607214428857715482e+00,4.000000000000000000e+01,3.607214428857715482e+00,7.240704500978480951e+00
3.787575150300601656e+00,4.000000000000000000e+01,3.787575150300601656e+00,7.240704500978481839e+00
3.967935871743487386e+00,4.000000000000000000e+01,3.967935871743487386e+00,7.240704500978480951e+00
4.148296593186373116e+00,4.000000000000000000e+01,4.148296593186373116e+00,7.240704500978480951e+00
4.328657314629259290e+00,4.000000000000000000e+01,4.328657314629259290e+00,4.856287918302345297e+00
4.509018036072144575e+00,4.000000000000000000e+01,4.509018036072144575e+00,1.103969190827836178e+00
4.689378757515030749e+00,4.000000000000000000e+01,4.689378757515030749e+00,9.784735812133078525e-01
4.869739478957916035e+00,4.000000000000000000e+01,4.869739478957916035e+00,9.784735812133078525e-01
5.050100200400802208e+00,4.000000000000000000e+01,5.050100200400802208e+00,9.784735812133078525e-01
5.230460921843687494e+00,4.000000000000000000e+01,5.230460921843687494e+00,9.784735812133078525e-01
5.410821643286573668e+00,4.000000000000000000e+01,5.410821643286573668e+00,9.784735812133078525e-01
5.591182364729458953e+00,4.000000000000000000e+01,5.591182364729458953e+00,9.784735812133078525e-01
5.771543086172345127e+00,4.000000000000000000e+01,5.771543086172345127e+00,9.784735812133077415e-01
5.951903807615231301e+00,4.000000000000000000e+01,5.951903807615231301e+00,9.784735812133078525e-01
6.132264529058116587e+00,4.000000000000000000e+01,6.132264529058116587e+00,9.784735812133078525e-01
6.312625250501002760e+00,4.000000000000000000e+01,6.312625250501002760e+00,9.784735812133078525e-01
6.492985971943888046e+00,4.000000000000000000e+01,6.492985971943888046e+00,9.784735812133078525e-01
6.673346693386774220e+00,4.000000000000000000e+01,6.673346693386774220e+00,9.784735812133076305e-01
6.853707414829659506e+00,4.000000000000000000e+01,6.853707414829659506e+00,9.784735812133078525e-01
7.034068136272545679e+00,4.000000000000000000e+01,7.034068136272545679e+00,9.784735812133078525e-01
7.214428857715430965e+00,4.000000000000000000e+01,7.214428857715430965e+00,9.784735812133078525e-01
7.394789579158317139e+00,4.000000000000000000e+01,7.394789579158317139e+00,9.784735812133078525e-01
7.575150300601203313e+00,4.000000000000000000e+01,7.575150300601203313e+00,9.784735812133078525e-01
7.755511022044088598e+00,4.000000000000000000e+01,7.755511022044088598e+00,9.784735812133078525e-01
7.935871743486974772e+00,4.000000000000000000e+01,7.935871743486974772e+00,9.784735812133079635e-01
8.116232464929860058e+00,4.000000000000000000e+01,8.116232464929860058e+00,9.784735812133078525e-01
8.296593186372746231e+00,4.000000000000000000e+01,8.296593186372746231e+00,9.784735812133077415e-01
8.476953907815632405e+00,4.000000000000000000e+01,8.476953907815632405e+00,9.784735812133078525e-01
8.657314629258518579e+00,4.000000000000000000e+01,8.657314629258518579e+00,9.784735812133079635e-01
8.837675350701402976e+00,4.000000000000000000e+01,8.837675350701402976e+00,9.784735812133078525e-01
9.018036072144289150e+00,4.000000000000000000e+01,9.018036072144289150e+00,9.784735812133078525e-01
9.198396793587175324e+00,4.000000000000000000e+01,9.198396793587175324e+00,9.784735812133078525e-01
9.378757515030061498e+00,4.000000000000000000e+01,9.378757515030061498e+00,9.784735812133078525e-01
9.559118236472945895e+00,4.000000000000000000e+01,9.559118236472945895e+00,9.784735812133078525e-01
9.739478957915832069e+00,4.000000000000000000e+01,9.739478957915832069e+00,9.784735812133077415e-01
9.919839679358718243e+00,4.000000000000000000e+01,9.919839679358718243e+00,9.784735812133078525e-01
1.010020040080160442e+01,4.000000000000000000e+01,1.010020040080160442e+01,9.784735812133078525e-01
1.028056112224449059e+01,4.000000000000000000e+01,1.028056112224449059e+01,9.784735812133078525e-01
1.046092184368737499e+01,4.000000000000000000e+01,1.046092184368737499e+01,9.784735812133078525e-01
1.064128256513026116e+01,4.000000000000000000e+01,1.064128256513026116e+01,9.784735812133078525e-01
1.082164328657314734e+01,4.000000000000000000e+01,1.082164328657314734e+01,9.784735812133078525e-01
1.100200400801603351e+01,4.000000000000000000e+01,1.100200400801603351e+01,9.784735812133078525e-01
1.118236472945891791e+01,4.000000000000000000e+01,1.118236472945891791e+01,9.784735812133078525e-01
1.136272545090180408e+01,4.000000000000000000e+01,1.136272545090180408e+01,9.784735812133077415e-01
1.154308617234469025e+01,4.000000000000000000e+01,1.154308617234469025e+01,9.784735812133078525e-01
1.172344689378757643e+01,4.000000000000000000e+01,1.172344689378757643e+01,9.784735812133078525e-01
1.190380761523046260e+01,4.000000000000000000e+01,1.190380761523046260e+01,4.404503723690065264e+00
1.208416833667334700e+01,4.000000000000000000e+01,1.208416833667334700e+01,8.173999662730544458e+00
1.226452905811623317e+01,4.000000000000000000e+01,1.226452905811623317e+01,1.199667436634521422e+01
1.244488977955911935e+01,4.000000000000000000e+01,1.244488977955911935e+01,1.232074063325609359e+01
1.262525050100200552e+01,4.000000000000000000e+01,1.262525050100200552e+01,1.006153206608915696e+01
1.280561122244488992e+01,4.000000000000000000e+01,1.280561122244488992e+01,5.031981771762759514e+00
1.298597194388777609e+01,4.000000000000000000e+01,1.298597194388777609e+01,9.784735812133078525e-01
1.316633266533066227e+01,4.000000000000000000e+01,1.316633266533066227e+01,9.784735812133078525e-01
1.334669338677354844e+01,4.000000000000000000e+01,1.334669338677354844e+01,9.784735812133078525e-01
1.352705410821643461e+01,4.000000000000000000e+01,1.352705410821643461e+01,9.784735812133078525e-01
1.370741482965931901e+01,4.000000000000000000e+01,1.370741482965931901e+01,9.784735812133078525e-01
1.388777555110220518e+01,4.000000000000000000e+01,1.388777555110220518e+01,9.784735812133077415e-01
1.406813627254509136e+01,4.000000000000000000e+01,1.406813627254509136e+01,9.784735812133078525e-01
1.424849699398797753e+01,4.000000000000000000e+01,1.424849699398797753e+01,9.784735812133079635e-01
1.442885771543086193e+01,4.000000000000000000e+01,1.442885771543086193e+01,9.784735812133078525e-01
1.460921843687374810e+01,4.000000000000000000e+01,1.460921843687374810e+01,9.784735812133078525e-01
1.478957915831663428e+01,4.000000000000000000e+01,1.478957915831663428e+01,9.784735812133078525e-01
1.496993987975952045e+01,4.000000000000000000e+01,1.496993987975952045e+01,9.784735812133078525e-01
1.515030060120240663e+01,4.000000000000000000e+01,1.515030060120240663e+01,9.784735812133078525e-01
1.533066132264529102e+01,4.000000000000000000e+01,1.533066132264529102e+01,9.784735812133077415e-01
1.551102204408817720e+01,4.000000000000000000e+01,1.551102204408817720e+01,9.784735812133077415e-01
1.569138276553106337e+01,4.000000000000000000e+01,1.569138276553106337e+01,9.784735812133078525e-01
1.587174348697394954e+01,4.000000000000000000e+01,1.587174348697394954e+01,9.784735812133078525e-01
1.605210420841683572e+01,4.000000000000000000e+01,1.605210420841683572e+01,9.784735812133078525e-01
1.623246492985972012e+01,4.000000000000000000e+01,1.623246492985972012e+01,9.784735812133079635e-01
1.641282565130260807e+01,4.000000000000000000e+01,1.641282565130260807e+01,9.784735812133078525e-01
1.659318637274549246e+01,4.000000000000000000e+01,1.659318637274549246e+01,2.138053014051613854e+00
1.677354709418837686e+01,4.000000000000000000e+01,1.677354709418837686e+01,7.641453814347583418e+00
1.695390781563126481e+01,4.000000000000000000e+01,1.695390781563126481e+01,1.292884529659459503e+01
1.713426853707414921e+01,4.000000000000000000e+01,1.713426853707414921e+01,1.803356223209631537e+01
1.731462925851703716e+01,4.000000000000000000e+01,1.731462925851703716e+01,2.052475466261948966e+01
1.749498997995992156e+01,4.000000000000000000e+01,1.749498997995992156e+01,2.167215056335763279e+01
1.767535070140280595e+01,4.000000000000000000e+01,1.767535070140280595e+01,1.906116211548996375e+01
1.785571142284569390e+01,4.000000000000000000e+01,1.785571142284569390e+01,1.517848482352829187e+01
1.803607214428857830e+01,4.000000000000000000e+01,1.803607214428857830e+01,1.019102784826008445e+01
1.821643286573146270e+01,4.000000000000000000e+01,1.821643286573146270e+01,8.338791085105638601e+00
1.839679358717435065e+01,4.000000000000000000e+01,1.839679358717435065e+01,7.240704500978480951e+00
1.857715430861723505e+01,4.000000000000000000e+01,1.857715430861723505e+01,7.240704500978480951e+00
1.875751503006012300e+01,4.000000000000000000e+01,1.875751503006012300e+01,7.240704500978480951e+00
1.893787575150300739e+01,4.000000000000000000e+01,1.893787575150300739e+01,7.240704500978480951e+00
1.911823647294589179e+01,4.000000000000000000e+01,1.911823647294589179e+01,1.008294475447957694e+01
1.929859719438877974e+01,4.000000000000000000e+01,1.929859719438877974e+01,1.275929549902154214e+01
1.947895791583166414e+01,4.000000000000000000e+01,1.947895791583166414e+01,1.275929549902154037e+01
1.965931863727455209e+01,4.000000000000000000e+01,1.965931863727455209e+01,1.103404460584570757e+01
1.983967935871743649e+01,4.000000000000000000e+01,1.983967935871743649e+01,7.727313727258831477e+00
2.002004008016032088e+01,4.000000000000000000e+01,2.002004008016032088e+01,7.240704500978480951e+00
2.020040080160320883e+01,4.000000000000000000e+01,2.020040080160320883e+01,6.550478648098513546e+00
2.038076152304609323e+01,4.000000000000000000e+01,2.038076152304609323e+01,2.798159920624044616e+00
2.056112224448898118e+01,4.000000000000000000e+01,2.056112224448898118e+01,9.784735812133078525e-01
2.074148296593186558e+01,4.000000000000000000e+01,2.074148296593186558e+01,9.784735812133078525e-01
2.092184368737474998e+01,4.000000000000000000e+01,2.092184368737474998e+01,9.784735812133078525e-01
2.110220440881763793e+01,4.000000000000000000e+01,2.110220440881763793e+01,9.784735812133078525e-01
2.128256513026052232e+01,4.000000000000000000e+01,2.128256513026052232e+01,9.784735812133078525e-01
2.146292585170340672e+01,4.000000000000000000e+01,2.146292585170340672e+01,9.784735812133078525e-01
2.164328657314629467e+01,4.000000000000000000e+01,2.164328657314629467e+01,9.784735812133078525e-01
2.182364729458917907e+01,4.000000000000000000e+01,2.182364729458917907e+01,9.784735812133078525e-01
2.200400801603206702e+01,4.000000000000000000e+01,2.200400801603206702e+01,9.784735812133077415e-01
2.218436873747495142e+01,4.000000000000000000e+01,2.218436873747495142e+01,9.784735812133078525e-01
2.236472945891783581e+01,4.000000000000000000e+01,2.236472945891783581e+01,9.784735812133078525e-01
2.254509018036072376e+01,4.000000000000000000e+01,2.254509018036072376e+01,9.784735812133078525e-01
2.272545090180360816e+01,4.000000000000000000e+01,2.272545090180360816e+01,2.436732564934152911e+00
2.290581162324649611e+01,4.000000000000000000e+01,2.290581162324649611e+01,3.900848010437020008e+00
2.308617234468938051e+01,4.000000000000000000e+01,2.308617234468938051e+01,3.900848010437019564e+00
2.326653306613226491e+01,4.000000000000000000e+01,2.326653306613226491e+01,3.900848010437020008e+00
2.344689378757515286e+01,4.000000000000000000e+01,2.344689378757515286e+01,3.900848010437020008e+00
2.362725450901803725e+01,4.000000000000000000e+01,2.362725450901803725e+01,2.454301950280203037e+00
2.380761523046092520e+01,4.000000000000000000e+01,2.380761523046092520e+01,9.784735812133078525e-01
2.398797595190380960e+01,4.000000000000000000e+01,2.398797595190380960e+01,9.784735812133078525e-01
2.416833667334669400e+01,4.000000000000000000e+01,2.416833667334669400e+01,9.784735812133077415e-01
2.434869739478958195e+01,4.000000000000000000e+01,2.434869739478958195e+01,9.784735812133078525e-01
2.452905811623246635e+01,4.000000000000000000e+01,2.452905811623246635e+01,6.743428147880901946e+00
2.470941883767535430e+01,4.000000000000000000e+01,2.470941883767535430e+01,1.377549619787527035e+01
2.488977955911823869e+01,4.000000000000000000e+01,2.488977955911823869e+01,2.078764181984326243e+01
2.507014028056112309e+01,4.000000000000000000e+01,2.507014028056112309e+01,2.580817211722859383e+01
2.525050100200401104e+01,4.000000000000000000e+01,2.525050100200401104e+01,2.868494980829241214e+01
2.543086172344689544e+01,4.000000000000000000e+01,2.543086172344689544e+01,3.085652060807854014e+01
2.561122244488977984e+01,4.000000000000000000e+01,2.561122244488977984e+01,3.212020910705957988e+01
2.579158316633266779e+01,4.000000000000000000e+01,2.579158316633266779e+01,2.894637285007072691e+01
2.597194388777555218e+01,4.000000000000000000e+01,2.597194388777555218e+01,2.664127995063848786e+01
2.615230460921844013e+01,4.000000000000000000e+01,2.615230460921844013e+01,2.529669907329341783e+01
2.633266533066132453e+01,4.000000000000000000e+01,2.633266533066132453e+01,2.443728945170189704e+01
2.651302605210420893e+01,4.000000000000000000e+01,2.651302605210420893e+01,2.377396672013308176e+01
2.669338677354709688e+01,4.000000000000000000e+01,2.669338677354709688e+01,2.360980277580607734e+01
2.687374749498998128e+01,4.000000000000000000e+01,2.687374749498998128e+01,2.276848543793398250e+01
2.705410821643286923e+01,4.000000000000000000e+01,2.705410821643286923e+01,2.115811531739279161e+01
2.723446893787575362e+01,4.000000000000000000e+01,2.723446893787575362e+01,1.545488890370432422e+01
2.741482965931863802e+01,4.000000000000000000e+01,2.741482965931863802e+01,9.156499561418991462e+00
2.759519038076152597e+01,4.000000000000000000e+01,2.759519038076152597e+01,5.740326053280672802e+00
2.777555110220441037e+01,4.000000000000000000e+01,2.777555110220441037e+01,3.092656284519441190e+00
2.795591182364729832e+01,4.000000000000000000e+01,2.795591182364729832e+01,1.341574211698009167e+00
2.813627254509018272e+01,4.000000000000000000e+01,2.813627254509018272e+01,9.784735812133078525e-01
2.831663326653306711e+01,4.000000000000000000e+01,2.831663326653306711e+01,9.784735812133078525e-01
2.849699398797595506e+01,4.000000000000000000e+01,2.849699398797595506e+01,9.784735812133078525e-01
2.867735470941883946e+01,4.000000000000000000e+01,2.867735470941883946e+01,9.784735812133078525e-01
2.885771543086172386e+01,4.000000000000000000e+01,2.885771543086172386e+01,9.784735812133078525e-01
2.903807615230461181e+01,4.000000000000000000e+01,2.903807615230461181e+01,9.784735812133078525e-01
2.921843687374749621e+01,4.000000000000000000e+01,2.921843687374749621e+01,9.784735812133079635e-01
2.939879759519038416e+01,4.000000000000000000e+01,2.939879759519038416e+01,9.784735812133078525e-01
2.957915831663326856e+01,4.000000000000000000e+01,2.957915831663326856e+01,9.784735812133079635e-01
2.975951903807615295e+01,4.000000000000000000e+01,2.975951903807615295e+01,9.784735812133078525e-01
2.993987975951904090e+01,4.000000000000000000e+01,2.993987975951904090e+01,9.784735812133078525e-01
3.012024048096192530e+01,4.000000000000000000e+01,3.012024048096192530e+01,9.784735812133078525e-01
3.030060120240481325e+01,4.000000000000000000e+01,3.030060120240481325e+01,9.784735812133078525e-01
3.048096192384769765e+01,4.000000000000000000e+01,3.048096192384769765e+01,9.784735812133078525e-01
3.066132264529058205e+01,4.000000000000000000e+01,3.066132264529058205e+01,9.784735812133078525e-01
3.084168336673347000e+01,4.000000000000000000e+01,3.084168336673347000e+01,9.784735812133078525e-01
3.102204408817635439e+01,4.000000000000000000e+01,3.102204408817635439e+01,9.784735812133078525e-01
3.120240480961924234e+01,4.000000000000000000e+01,3.120240480961924234e+01,9.784735812133078525e-01
3.138276553106212674e+01,4.000000000000000000e+01,3.138276553106212674e+01,9.784735812133078525e-01
3.156312625250501114e+01,4.000000000000000000e+01,3.156312625250501114e+01,9.784735812133078525e-01
3.174348697394789909e+01,4.000000000000000000e+01,3.174348697394789909e+01,9.784735812133078525e-01
3.192384769539078349e+01,4.000000000000000000e+01,3.192384769539078349e+01,9.784735812133079635e-01
3.210420841683367144e+01,4.000000000000000000e+01,3.210420841683367144e+01,9.784735812133078525e-01
3.228456913827655228e+01,4.000000000000000000e+01,3.228456913827655228e+01,9.784735812133079635e-01
3.246492985971944023e+01,4.000000000000000000e+01,3.246492985971944023e+01,9.784735812133078525e-01
3.264529058116232818e+01,4.000000000000000000e+01,3.264529058116232818e+01,9.784735812133079635e-01
3.282565130260521613e+01,4.000000000000000000e+01,3.282565130260521613e+01,9.784735812133078525e-01
3.300601202404809698e+01,4.000000000000000000e+01,3.300601202404809698e+01,9.784735812133078525e-01
3.318637274549098493e+01,4.000000000000000000e+01,3.318637274549098493e+01,9.784735812133078525e-01
3.336673346693387288e+01,4.000000000000000000e+01,3.336673346693387288e+01,9.784735812133078525e-01
3.354709418837675372e+01,4.000000000000000000e+01,3.354709418837675372e+01,9.784735812133077415e-01
3.372745490981964167e+01,4.000000000000000000e+01,3.372745490981964167e+01,9.784735812133078525e-01
3.390781563126252962e+01,4.000000000000000000e+01,3.390781563126252962e+01,9.784735812133078525e-01
3.408817635270541047e+01,4.000000000000000000e+01,3.408817635270541047e+01,9.784735812133078525e-01
3.426853707414829842e+01,4.000000000000000000e+01,3.426853707414829842e+01,9.784735812133078525e-01
3.444889779559118637e+01,4.000000000000000000e+01,3.444889779559118637e+01,9.784735812133078525e-01
3.462925851703407432e+01,4.000000000000000000e+01,3.462925851703407432e+01,9.784735812133078525e-01
3.480961923847695516e+01,4.000000000000000000e+01,3.480961923847695516e+01,9.784735812133078525e-01
3.498997995991984311e+01,4.000000000000000000e+01,3.498997995991984311e+01,9.784735812133078525e-01
3.517034068136273106e+01,4.000000000000000000e+01,3.517034068136273106e+01,9.784735812133078525e-01
3.535070140280561191e+01,4.000000000000000000e+01,3.535070140280561191e+01,9.784735812133078525e-01
3.553106212424849986e+01,4.000000000000000000e+01,3.553106212424849986e+01,9.784735812133078525e-01
3.571142284569138781e+01,4.000000000000000000e+01,3.571142284569138781e+01,9.784735812133078525e-01
3.589178356713426865e+01,4.000000000000000000e+01,3.589178356713426865e+01,9.784735812133078525e-01
3.607214428857715660e+01,4.000000000000000000e+01,3.607214428857715660e+01,9.784735812133078525e-01
3.625250501002004455e+01,4.000000000000000000e+01,3.625250501002004455e+01,1.070085376231920016e+00
3.643286573146292540e+01,4.000000000000000000e+01,3.643286573146292540e+01,1.179266556596566096e+00
3.661322645290581335e+01,4.000000000000000000e+01,3.661322645290581335e+01,1.054189265680745446e+00
3.679358717434870130e+01,4.000000000000000000e+01,3.679358717434870130e+01,9.784735812133077415e-01
3.697394789579158925e+01,4.000000000000000000e+01,3.697394789579158925e+01,9.784735812133078525e-01
3.715430861723447009e+01,4.000000000000000000e+01,3.715430861723447009e+01,9.784735812133078525e-01
3.733466933867735804e+01,4.000000000000000000e+01,3.733466933867735804e+01,9.784735812133078525e-01
3.751503006012024599e+01,4.000000000000000000e+01,3.751503006012024599e+01,9.784735812133078525e-01
3.769539078156312684e+01,4.000000000000000000e+01,3.769539078156312684e+01,9.784735812133077415e-01
3.787575150300601479e+01,4.000000000000000000e+01,3.787575150300601479e+01,9.784735812133078525e-01
3.805611222444890274e+01,4.000000000000000000e+01,3.805611222444890274e+01,9.784735812133079635e-01
3.823647294589178358e+01,4.000000000000000000e+01,3.823647294589178358e+01,9.784735812133078525e-01
3.841683366733467153e+01,4.000000000000000000e+01,3.841683366733467153e+01,9.784735812133078525e-01
3.859719438877755948e+01,4.000000000000000000e+01,3.859719438877755948e+01,9.784735812133079635e-01
3.877755511022044033e+01,4.000000000000000000e+01,3.877755511022044033e+01,9.784735812133078525e-01
3.895791583166332828e+01,4.000000000000000000e+01,3.895791583166332828e+01,9.784735812133078525e-01
3.913827655310621623e+01,4.000000000000000000e+01,3.913827655310621623e+01,9.784735812133078525e-01
3.931863727454910418e+01,4.000000000000000000e+01,3.931863727454910418e+01,9.784735812133078525e-01
3.949899799599198502e+01,4.000000000000000000e+01,3.949899799599198502e+01,9.784735812133077415e-01
3.967935871743487297e+01,4.000000000000000000e+01,3.967935871743487297e+01,9.784735812133078525e-01
3.985971943887776092e+01,4.000000000000000000e+01,3.985971943887776092e+01,9.784735812133078525e-01
4.004008016032064177e+01,4.000000000000000000e+01,4.004008016032064177e+01,9.784735812133078525e-01
4.022044088176352972e+01,4.000000000000000000e+01,4.022044088176352972e+01,9.784735812133078525e-01
4.040080160320641767e+01,4.000000000000000000e+01,4.040080160320641767e+01,9.784735812133078525e-01
4.058116232464929851e+01,4.000000000000000000e+01,4.058116232464929851e+01,9.784735812133078525e-01
4.076152304609218646e+01,4.000000000000000000e+01,4.076152304609218646e+01,9.784735812133078525e-01
4.094188376753507441e+01,4.000000000000000000e+01,4.094188376753507441e+01,1.038711473828280107e+00
4.112224448897796236e+01,4.000000000000000000e+01,4.112224448897796236e+01,3.039948128481437806e+00
4.130260521042084321e+01,4.000000000000000000e+01,4.130260521042084321e+01,5.651093445861133269e+00
4.148296593186373116e+01,4.000000000000000000e+01,4.148296593186373116e+01,9.340873527877763038e+00
4.166332665330661911e+01,4.000000000000000000e+01,4.166332665330661911e+01,1.125010621373214370e+01
4.184368737474949995e+01,4.000000000000000000e+01,4.184368737474949995e+01,1.234766989948586513e+01
4.202404809619238790e+01,4.000000000000000000e+01,4.202404809619238790e+01,1.259782448131750421e+01
4.220440881763527585e+01,4.000000000000000000e+01,4.220440881763527585e+01,1.207199787703260085e+01
4.238476953907815670e+01,4.000000000000000000e+01,4.238476953907815670e+01,1.013329986783743664e+01
4.256513026052104465e+01,4.000000000000000000e+01,4.256513026052104465e+01,9.786435231846580152e+00
4.274549098196393260e+01,4.000000000000000000e+01,4.274549098196393260e+01,1.016216385804874633e+01
4.292585170340681344e+01,4.000000000000000000e+01,4.292585170340681344e+01,1.010744254327308056e+01
4.310621242484970139e+01,4.000000000000000000e+01,4.310621242484970139e+01,9.481716204751323929e+00
4.328657314629258934e+01,4.000000000000000000e+01,4.328657314629258934e+01,7.785355446705564120e+00
4.346693386773547729e+01,4.000000000000000000e+01,4.346693386773547729e+01,7.240704500978480951e+00
4.364729458917835814e+01,4.000000000000000000e+01,4.364729458917835814e+01,7.240704500978481839e+00
4.382765531062124609e+01,4.000000000000000000e+01,4.382765531062124609e+01,7.240704500978480951e+00
4.400801603206413404e+01,4.000000000000000000e+01,4.400801603206413404e+01,5.960649282910211788e+00
4.418837675350701488e+01,4.000000000000000000e+01,4.418837675350701488e+01,2.208330555435817466e+00
4.436873747494990283e+01,4.000000000000000000e+01,4.436873747494990283e+01,9.784735812133078525e-01
4.454909819639279078e+01,4.000000000000000000e+01,4.454909819639279078e+01,9.910231421748587621e-01
4.472945891783567163e+01,4.000000000000000000e+01,4.472945891783567163e+01,4.743341869649253084e+00
4.490981963927855958e+01,4.000000000000000000e+01,4.490981963927855958e+01,6.655058322777341218e+00
4.509018036072144753e+01,4.000000000000000000e+01,4.509018036072144753e+01,4.903976249955909417e+00
4.527054108216433548e+01,4.000000000000000000e+01,4.527054108216433548e+01,2.986403335045832996e+00
4.545090180360721632e+01,4.000000000000000000e+01,4.545090180360721632e+01,9.851666803928016414e-01
4.563126252505010427e+01,4.000000000000000000e+01,4.563126252505010427e+01,9.784735812133078525e-01
4.581162324649299222e+01,4.000000000000000000e+01,4.581162324649299222e+01,9.784735812133078525e-01
4.599198396793587307e+01,4.000000000000000000e+01,4.599198396793587307e+01,9.784735812133078525e-01
4.617234468937876102e+01,4.000000000000000000e+01,4.617234468937876102e+01,2.132196552269554957e+00
4.635270541082164897e+01,4.000000000000000000e+01,4.635270541082164897e+01,3.883278625090987202e+00
4.653306613226452981e+01,4.000000000000000000e+01,4.653306613226452981e+01,3.900848010437020452e+00
4.671342685370741776e+01,4.000000000000000000e+01,4.671342685370741776e+01,3.338627679363900480e+00
4.689378757515030571e+01,4.000000000000000000e+01,4.689378757515030571e+01,1.587545606542468679e+00
4.707414829659318656e+01,4.000000000000000000e+01,4.707414829659318656e+01,9.784735812133077415e-01
4.725450901803607451e+01,4.000000000000000000e+01,4.725450901803607451e+01,9.784735812133078525e-01
4.743486973947896246e+01,4.000000000000000000e+01,4.743486973947896246e+01,9.784735812133078525e-01
4.761523046092185041e+01,4.000000000000000000e+01,4.761523046092185041e+01,9.784735812133078525e-01
4.779559118236473125e+01,4.000000000000000000e+01,4.779559118236473125e+01,9.784735812133078525e-01
4.797595190380761920e+01,4.000000000000000000e+01,4.797595190380761920e+01,9.784735812133079635e-01
4.815631262525050715e+01,4.000000000000000000e+01,4.815631262525050715e+01,9.784735812133078525e-01
4.833667334669338800e+01,4.000000000000000000e+01,4.833667334669338800e+01,9.784735812133078525e-01
4.851703406813627595e+01,4.000000000000000000e+01,4.851703406813627595e+01,9.784735812133078525e-01
4.869739478957916390e+01,4.000000000000000000e+01,4.869739478957916390e+01,9.784735812133078525e-01
4.887775551102204474e+01,4.000000000000000000e+01,4.887775551102204474e+01,9.784735812133078525e-01
4.905811623246493269e+01,4.000000000000000000e+01,4.905811623246493269e+01,9.784735812133078525e-01
4.923847695390782064e+01,4.000000000000000000e+01,4.923847695390782064e+01,9.784735812133077415e-01
4.941883767535070859e+01,4.000000000000000000e+01,4.941883767535070859e+01,9.784735812133078525e-01
4.959919839679358944e+01,4.000000000000000000e+01,4.959919839679358944e+01,9.784735812133078525e-01
4.977955911823647739e+01,4.000000000000000000e+01,4.977955911823647739e+01,9.784735812133078525e-01
4.995991983967936534e+01,4.000000000000000000e+01,4.995991983967936534e+01,9.784735812133078525e-01
5.014028056112224618e+01,4.000000000000000000e+01,5.014028056112224618e+01,9.784735812133079635e-01
5.032064128256513413e+01,4.000000000000000000e+01,5.032064128256513413e+01,9.784735812133078525e-01
5.050100200400802208e+01,4.000000000000000000e+01,5.050100200400802208e+01,9.784735812133078525e-01
5.068136272545090293e+01,4.000000000000000000e+01,5.068136272545090293e+01,9.784735812133077415e-01
5.086172344689379088e+01,4.000000000000000000e+01,5.086172344689379088e+01,9.784735812133078525e-01
5.104208416833667883e+01,4.000000000000000000e+01,5.104208416833667883e+01,9.784735812133078525e-01
5.122244488977955967e+01,4.000000000000000000e+01,5.122244488977955967e+01,9.784735812133079635e-01
5.140280561122244762e+01,4.000000000000000000e+01,5.140280561122244762e+01,9.784735812133078525e-01
5.158316633266533557e+01,4.000000000000000000e+01,5.158316633266533557e+01,9.784735812133078525e-01
5.176352705410822352e+01,4.000000000000000000e+01,5.176352705410822352e+01,9.784735812133078525e-01
5.194388777555110437e+01,4.000000000000000000e+01,5.194388777555110437e+01,9.784735812133078525e-01
5.212424849699399232e+01,4.000000000000000000e+01,5.212424849699399232e+01,9.784735812133078525e-01
5.230460921843688027e+01,4.000000000000000000e+01,5.230460921843688027e+01,9.784735812133078525e-01
5.248496993987976111e+01,4.000000000000000000e+01,5.248496993987976111e+01,9.784735812133079635e-01
5.266533066132264906e+01,4.000000000000000000e+01,5.266533066132264906e+01,9.784735812133078525e-01
5.284569138276553701e+01,4.000000000000000000e+01,5.284569138276553701e+01,9.784735812133079635e-01
5.302605210420841786e+01,4.000000000000000000e+01,5.302605210420841786e+01,9.784735812133079635e-01
5.320641282565130581e+01,4.000000000000000000e+01,5.320641282565130581e+01,9.784735812133078525e-01
5.338677354709419376e+01,4.000000000000000000e+01,5.338677354709419376e+01,9.784735812133078525e-01
5.356713426853708171e+01,4.000000000000000000e+01,5.356713426853708171e+01,9.784735812133078525e-01
5.374749498997996255e+01,4.000000000000000000e+01,5.374749498997996255e+01,9.784735812133078525e-01
5.392785571142285050e+01,4.000000000000000000e+01,5.392785571142285050e+01,9.784735812133078525e-01
5.410821643286573845e+01,4.000000000000000000e+01,5.410821643286573845e+01,9.784735812133078525e-01
5.428857715430861930e+01,4.000000000000000000e+01,5.428857715430861930e+01,9.784735812133078525e-01
5.446893787575150725e+01,4.000000000000000000e+01,5.446893787575150725e+01,9.784735812133078525e-01
5.464929859719439520e+01,4.000000000000000000e+01,5.464929859719439520e+01,9.784735812133078525e-01
5.482965931863727604e+01,4.000000000000000000e+01,5.482965931863727604e+01,9.784735812133077415e-01
5.501002004008016399e+01,4.000000000000000000e+01,5.501002004008016399e+01,9.784735812133078525e-01
5.519038076152305194e+01,4.000000000000000000e+01,5.519038076152305194e+01,9.784735812133078525e-01
5.537074148296593279e+01,4.000000000000000000e+01,5.537074148296593279e+01,9.784735812133078525e-01
5.555110220440882074e+01,4.000000000000000000e+01,5.555110220440882074e+01,9.784735812133078525e-01
5.573146292585170869e+01,4.000000000000000000e+01,5.573146292585170869e+01,1.932240214283770907e+00
5.591182364729459664e+01,4.000000000000000000e+01,5.591182364729459664e+01,5.684558941758313111e+00
5.609218436873747748e+01,4.000000000000000000e+01,5.609218436873747748e+01,7.240704500978480951e+00
5.627254509018036543e+01,4.000000000000000000e+01,5.627254509018036543e+01,7.240704500978480951e+00
5.645290581162325338e+01,4.000000000000000000e+01,5.645290581162325338e+01,8.494353351190341073e+00
5.663326653306613423e+01,4.000000000000000000e+01,5.663326653306613423e+01,9.618610998905809950e+00
5.681362725450902218e+01,4.000000000000000000e+01,5.681362725450902218e+01,1.000166020233549702e+01
5.699398797595191013e+01,4.000000000000000000e+01,5.699398797595191013e+01,9.941448454639191468e+00
5.717434869739479097e+01,4.000000000000000000e+01,5.717434869739479097e+01,9.558399251209522163e+00
5.735470941883767892e+01,4.000000000000000000e+01,5.735470941883767892e+01,6.458788418323917035e+00
5.753507014028056687e+01,4.000000000000000000e+01,5.753507014028056687e+01,3.479182762132162932e+00
5.771543086172344772e+01,4.000000000000000000e+01,5.771543086172344772e+01,1.728100689310800187e+00
5.789579158316633567e+01,4.000000000000000000e+01,5.789579158316633567e+01,2.122993540897836429e+00
5.807615230460922362e+01,4.000000000000000000e+01,5.807615230460922362e+01,4.124230195550946831e+00
5.825651302605211157e+01,4.000000000000000000e+01,5.825651302605211157e+01,4.318330071754768795e+00
5.843687374749499241e+01,4.000000000000000000e+01,5.843687374749499241e+01,4.318330071754768795e+00
5.861723446893788037e+01,4.000000000000000000e+01,5.861723446893788037e+01,4.318330071754768795e+00
5.879759519038076832e+01,4.000000000000000000e+01,5.879759519038076832e+01,5.308072112914733687e+00
5.897795591182364916e+01,4.000000000000000000e+01,5.897795591182364916e+01,7.059154185736096210e+00
5.915831663326653711e+01,4.000000000000000000e+01,5.915831663326653711e+01,1.009949448799752147e+01
5.933867735470942506e+01,4.000000000000000000e+01,5.933867735470942506e+01,1.267738346882944001e+01
5.951903807615230590e+01,4.000000000000000000e+01,5.951903807615230590e+01,1.317769263249270750e+01
5.969939879759519386e+01,4.000000000000000000e+01,5.969939879759519386e+01,1.290955034661632084e+01
5.987975951903808181e+01,4.000000000000000000e+01,5.987975951903808181e+01,1.203400931020558318e+01
6.006012024048096976e+01,4.000000000000000000e+01,6.006012024048096976e+01,1.277887804310520359e+01
6.024048096192385060e+01,4.000000000000000000e+01,6.024048096192385060e+01,1.455822277300851830e+01
6.042084168336673855e+01,4.000000000000000000e+01,6.042084168336673855e+01,1.927989050508075053e+01
6.060120240480962650e+01,4.000000000000000000e+01,6.060120240480962650e+01,2.252188656504149122e+01
6.078156312625250735e+01,4.000000000000000000e+01,6.078156312625250735e+01,2.456220987310567949e+01
6.096192384769539530e+01,4.000000000000000000e+01,6.096192384769539530e+01,2.747912001432746365e+01
6.114228456913828325e+01,4.000000000000000000e+01,6.114228456913828325e+01,3.010563854388495031e+01
6.132264529058116409e+01,4.000000000000000000e+01,6.132264529058116409e+01,3.123915149280950843e+01
6.150300601202405204e+01,4.000000000000000000e+01,6.150300601202405204e+01,3.350625582541471204e+01
6.168336673346693999e+01,4.000000000000000000e+01,6.168336673346693999e+01,3.671917873581485736e+01
6.186372745490982084e+01,4.000000000000000000e+01,6.186372745490982084e+01,4.769996614233026833e+01
6.204408817635270879e+01,4.000000000000000000e+01,6.204408817635270879e+01,5.980367780570930591e+01
6.222444889779559674e+01,4.000000000000000000e+01,6.222444889779559674e+01,7.200653100068380752e+01
6.240480961923848469e+01,4.000000000000000000e+01,6.240480961923848469e+01,8.226046352326324040e+01
6.258517034068136553e+01,4.000000000000000000e+01,6.258517034068136553e+01,9.084389261236088942e+01
6.276553106212425348e+01,4.000000000000000000e+01,6.276553106212425348e+01,9.364929467545664465e+01
6.294589178356714143e+01,4.000000000000000000e+01,6.294589178356714143e+01,9.553936313592618035e+01
6.312625250501002228e+01,4.000000000000000000e+01,6.312625250501002228e+01,9.723572389397187976e+01
6.330661322645291023e+01,4.000000000000000000e+01,6.330661322645291023e+01,9.797180793419846623e+01
6.348697394789579818e+01,4.000000000000000000e+01,6.348697394789579818e+01,9.786236530464712757e+01
6.366733466933867902e+01,4.000000000000000000e+01,6.366733466933867902e+01,9.754381561557558200e+01
6.384769539078156697e+01,4.000000000000000000e+01,6.384769539078156697e+01,9.587276313880204270e+01
6.402805611222444782e+01,4.000000000000000000e+01,6.402805611222444782e+01,8.871990556455415344e+01
6.420841683366734287e+01,4.000000000000000000e+01,6.420841683366734287e+01,8.212939904597195095e+01
6.438877755511022372e+01,4.000000000000000000e+01,6.438877755511022372e+01,7.604751577519039074e+01
6.456913827655310456e+01,4.000000000000000000e+01,6.456913827655310456e+01,7.351297506951283367e+01
6.474949899799599962e+01,4.000000000000000000e+01,6.474949899799599962e+01,7.123313816151532762e+01
6.492985971943888046e+01,4.000000000000000000e+01,6.492985971943888046e+01,6.747300210335876613e+01
6.511022044088177552e+01,4.000000000000000000e+01,6.511022044088177552e+01,6.664684881831502139e+01
6.529058116232465636e+01,4.000000000000000000e+01,6.529058116232465636e+01,6.854646017409896785e+01
6.547094188376753721e+01,4.000000000000000000e+01,6.547094188376753721e+01,7.065857742883019910e+01
6.565130260521043226e+01,4.000000000000000000e+01,6.565130260521043226e+01,7.280269606401327565e+01
6.583166332665331311e+01,4.000000000000000000e+01,6.583166332665331311e+01,7.492119267889981415e+01
6.601202404809619395e+01,4.000000000000000000e+01,6.601202404809619395e+01,7.658366962234966024e+01
6.619238476953908901e+01,4.000000000000000000e+01,6.619238476953908901e+01,7.781099053946121558e+01
6.637274549098196985e+01,4.000000000000000000e+01,6.637274549098196985e+01,7.702222448811517097e+01
6.655310621242485070e+01,4.000000000000000000e+01,6.655310621242485070e+01,7.520214597492443431e+01
6.673346693386774575e+01,4.000000000000000000e+01,6.673346693386774575e+01,7.026941031443176655e+01
6.691382765531062660e+01,4.000000000000000000e+01,6.691382765531062660e+01,6.556170396892945007e+01
6.709418837675350744e+01,4.000000000000000000e+01,6.709418837675350744e+01,6.107455615732453680e+01
6.727454909819640250e+01,4.000000000000000000e+01,6.727454909819640250e+01,5.484223502451708043e+01
6.745490981963928334e+01,4.000000000000000000e+01,6.745490981963928334e+01,4.718023130409505228e+01
6.763527054108216419e+01,4.000000000000000000e+01,6.763527054108216419e+01,3.410183707271068698e+01
6.781563126252505924e+01,4.000000000000000000e+01,6.781563126252505924e+01,2.223107663467819251e+01
6.799599198396794009e+01,4.000000000000000000e+01,6.799599198396794009e+01,1.157605491478709681e+01
6.817635270541082093e+01,4.000000000000000000e+01,6.817635270541082093e+01,8.507242796094551807e+00
6.835671342685371599e+01,4.000000000000000000e+01,6.835671342685371599e+01,6.919435740365293519e+00
6.853707414829659683e+01,4.000000000000000000e+01,6.853707414829659683e+01,4.918199085712215535e+00
6.871743486973947768e+01,4.000000000000000000e+01,6.871743486973947768e+01,3.900848010437019564e+00
6.889779559118237273e+01,4.000000000000000000e+01,6.889779559118237273e+01,3.900848010437020008e+00
6.907815631262525358e+01,4.000000000000000000e+01,6.907815631262525358e+01,4.106660810204884271e+00
6.925851703406814863e+01,4.000000000000000000e+01,6.925851703406814863e+01,4.010447509500412622e+00
6.943887775551102948e+01,4.000000000000000000e+01,6.943887775551102948e+01,2.009210854847333749e+00
6.961923847695391032e+01,4.000000000000000000e+01,6.961923847695391032e+01,9.784735812133077415e-01
6.979959919839680538e+01,4.000000000000000000e+01,6.979959919839680538e+01,9.784735812133078525e-01
6.997995991983968622e+01,4.000000000000000000e+01,6.997995991983968622e+01,9.784735812133078525e-01
7.016032064128256707e+01,4.000000000000000000e+01,7.016032064128256707e+01,9.784735812133078525e-01
7.034068136272546212e+01,4.000000000000000000e+01,7.034068136272546212e+01,9.784735812133078525e-01
7.052104208416834297e+01,4.000000000000000000e+01,7.052104208416834297e+01,9.784735812133078525e-01
7.070140280561122381e+01,4.000000000000000000e+01,7.070140280561122381e+01,9.784735812133078525e-01
7.088176352705411887e+01,4.000000000000000000e+01,7.088176352705411887e+01,9.784735812133078525e-01
7.106212424849699971e+01,4.000000000000000000e+01,7.106212424849699971e+01,9.784735812133077415e-01
7.124248496993988056e+01,4.000000000000000000e+01,7.124248496993988056e+01,9.784735812133078525e-01
7.142284569138277561e+01,4.000000000000000000e+01,7.142284569138277561e+01,9.784735812133078525e-01
7.160320641282565646e+01,4.000000000000000000e+01,7.160320641282565646e+01,9.784735812133078525e-01
7.178356713426853730e+01,4.000000000000000000e+01,7.178356713426853730e+01,9.784735812133077415e-01
7.196392785571143236e+01,4.000000000000000000e+01,7.196392785571143236e+01,9.784735812133078525e-01
7.214428857715431320e+01,4.000000000000000000e+01,7.214428857715431320e+01,9.784735812133078525e-01
7.232464929859719405e+01,4.000000000000000000e+01,7.232464929859719405e+01,9.784735812133078525e-01
7.250501002004008910e+01,4.000000000000000000e+01,7.250501002004008910e+01,9.784735812133078525e-01
7.268537074148296995e+01,4.000000000000000000e+01,7.268537074148296995e+01,9.784735812133078525e-01
7.286573146292585079e+01,4.000000000000000000e+01,7.286573146292585079e+01,9.784735812133078525e-01
7.304609218436874585e+01,4.000000000000000000e+01,7.304609218436874585e+01,9.784735812133078525e-01
7.322645290581162669e+01,4.000000000000000000e+01,7.322645290581162669e+01,9.784735812133078525e-01
7.340681362725450754e+01,4.000000000000000000e+01,7.340681362725450754e+01,9.784735812133078525e-01
7.358717434869740259e+01,4.000000000000000000e+01,7.358717434869740259e+01,9.784735812133078525e-01
7.376753507014028344e+01,4.000000000000000000e+01,7.376753507014028344e+01,1.430257775825596767e+00
7.394789579158317849e+01,4.000000000000000000e+01,7.394789579158317849e+01,5.182576503300375670e+00
7.412825651302605934e+01,4.000000000000000000e+01,7.412825651302605934e+01,8.003090329386820301e+00
7.430861723446894018e+01,4.000000000000000000e+01,7.430861723446894018e+01,9.691633756750270834e+00
7.448897795591183524e+01,4.000000000000000000e+01,7.448897795591183524e+01,8.737239645631744267e+00
7.466933867735471608e+01,4.000000000000000000e+01,7.466933867735471608e+01,7.013139128877422301e+00
7.484969939879759693e+01,4.000000000000000000e+01,7.484969939879759693e+01,5.011902474224342541e+00
7.503006012024049198e+01,4.000000000000000000e+01,7.503006012024049198e+01,3.121938593429399056e+00
7.521042084168337283e+01,4.000000000000000000e+01,7.521042084168337283e+01,1.370856520608077389e+00
7.539078156312625367e+01,4.000000000000000000e+01,7.539078156312625367e+01,9.784735812133078525e-01
7.557114228456914873e+01,4.000000000000000000e+01,7.557114228456914873e+01,9.784735812133077415e-01
7.575150300601202957e+01,4.000000000000000000e+01,7.575150300601202957e+01,9.784735812133078525e-01
7.593186372745491042e+01,4.000000000000000000e+01,7.593186372745491042e+01,9.784735812133079635e-01
7.611222444889780547e+01,4.000000000000000000e+01,7.611222444889780547e+01,9.784735812133078525e-01
7.629258517034068632e+01,4.000000000000000000e+01,7.629258517034068632e+01,9.784735812133078525e-01
7.647294589178356716e+01,4.000000000000000000e+01,7.647294589178356716e+01,9.784735812133078525e-01
7.665330661322646222e+01,4.000000000000000000e+01,7.665330661322646222e+01,9.784735812133078525e-01
7.683366733466934306e+01,4.000000000000000000e+01,7.683366733466934306e+01,9.784735812133078525e-01
7.701402805611222391e+01,4.000000000000000000e+01,7.701402805611222391e+01,9.784735812133078525e-01
7.719438877755511896e+01,4.000000000000000000e+01,7.719438877755511896e+01,9.784735812133079635e-01
7.737474949899799981e+01,4.000000000000000000e+01,7.737474949899799981e+01,9.784735812133078525e-01
7.755511022044088065e+01,4.000000000000000000e+01,7.755511022044088065e+01,9.784735812133078525e-01
7.773547094188377571e+01,4.000000000000000000e+01,7.773547094188377571e+01,9.784735812133078525e-01
7.791583166332665655e+01,4.000000000000000000e+01,7.791583166332665655e+01,9.784735812133078525e-01
7.809619238476955161e+01,4.000000000000000000e+01,7.809619238476955161e+01,9.784735812133078525e-01
7.827655310621243245e+01,4.000000000000000000e+01,7.827655310621243245e+01,9.784735812133078525e-01
7.845691382765531330e+01,4.000000000000000000e+01,7.845691382765531330e+01,9.784735812133078525e-01
7.863727454909820835e+01,4.000000000000000000e+01,7.863727454909820835e+01,9.784735812133077415e-01
7.881763527054108920e+01,4.000000000000000000e+01,7.881763527054108920e+01,9.784735812133078525e-01
7.899799599198397004e+01,4.000000000000000000e+01,7.899799599198397004e+01,9.784735812133078525e-01
7.917835671342686510e+01,4.000000000000000000e+01,7.917835671342686510e+01,9.784735812133079635e-01
7.935871743486974594e+01,4.000000000000000000e+01,7.935871743486974594e+01,9.784735812133078525e-01
7.953907815631262679e+01,4.000000000000000000e+01,7.953907815631262679e+01,9.784735812133078525e-01
7.971943887775552184e+01,4.000000000000000000e+01,7.971943887775552184e+01,9.784735812133078525e-01
7.989979959919840269e+01,4.000000000000000000e+01,7.989979959919840269e+01,9.784735812133078525e-01
8.008016032064128353e+01,4.000000000000000000e+01,8.008016032064128353e+01,9.784735812133078525e-01
8.026052104208417859e+01,4.000000000000000000e+01,8.026052104208417859e+01,9.784735812133078525e-01
8.044088176352705943e+01,4.000000000000000000e+01,8.044088176352705943e+01,9.784735812133078525e-01
8.062124248496994028e+01,4.000000000000000000e+01,8.062124248496994028e+01,9.784735812133078525e-01
8.080160320641283533e+01,4.000000000000000000e+01,8.080160320641283533e+01,9.784735812133077415e-01
8.098196392785571618e+01,4.000000000000000000e+01,8.098196392785571618e+01,9.784735812133078525e-01
8.116232464929859702e+01,4.000000000000000000e+01,8.116232464929859702e+01,9.784735812133078525e-01
8.134268537074149208e+01,4.000000000000000000e+01,8.134268537074149208e+01,9.784735812133078525e-01
8.152304609218437292e+01,4.000000000000000000e+01,8.152304609218437292e+01,9.784735812133078525e-01
8.170340681362725377e+01,4.000000000000000000e+01,8.170340681362725377e+01,9.784735812133077415e-01
8.188376753507014882e+01,4.000000000000000000e+01,8.188376753507014882e+01,9.784735812133077415e-01
8.206412825651302967e+01,4.000000000000000000e+01,8.206412825651302967e+01,9.784735812133078525e-01
8.224448897795592472e+01,4.000000000000000000e+01,8.224448897795592472e+01,9.784735812133079635e-01
8.242484969939880557e+01,4.000000000000000000e+01,8.242484969939880557e+01,9.784735812133078525e-01
8.260521042084168641e+01,4.000000000000000000e+01,8.260521042084168641e+01,9.784735812133078525e-01
8.278557114228458147e+01,4.000000000000000000e+01,8.278557114228458147e+01,9.784735812133080746e-01
8.296593186372746231e+01,4.000000000000000000e+01,8.296593186372746231e+01,9.784735812133078525e-01
8.314629258517034316e+01,4.000000000000000000e+01,8.314629258517034316e+01,9.784735812133078525e-01
8.332665330661323821e+01,4.000000000000000000e+01,8.332665330661323821e+01,9.784735812133077415e-01
8.350701402805611906e+01,4.000000000000000000e+01,8.350701402805611906e+01,9.784735812133078525e-01
8.368737474949899990e+01,4.000000000000000000e+01,8.368737474949899990e+01,9.784735812133078525e-01
8.386773547094189496e+01,4.000000000000000000e+01,8.386773547094189496e+01,9.784735812133078525e-01
8.404809619238477580e+01,4.000000000000000000e+01,8.404809619238477580e+01,9.784735812133078525e-01
8.422845691382765665e+01,4.000000000000000000e+01,8.422845691382765665e+01,9.784735812133078525e-01
8.440881763527055170e+01,4.000000000000000000e+01,8.440881763527055170e+01,9.784735812133078525e-01
8.458917835671343255e+01,4.000000000000000000e+01,8.458917835671343255e+01,1.048751122597440855e+00
8.476953907815631339e+01,4.000000000000000000e+01,8.476953907815631339e+01,2.799833195418845566e+00
8.494989979959920845e+01,4.000000000000000000e+01,8.494989979959920845e+01,4.794690489916606069e+00
8.513026052104208929e+01,4.000000000000000000e+01,8.513026052104208929e+01,7.202428340045921473e+00
8.531062124248497014e+01,4.000000000000000000e+01,8.531062124248497014e+01,9.363096708746754260e+00
8.549098196392786519e+01,4.000000000000000000e+01,8.549098196392786519e+01,1.120100605647025738e+01
8.567134268537074604e+01,4.000000000000000000e+01,8.567134268537074604e+01,6.737310236912081862e+00
8.585170340681362688e+01,4.000000000000000000e+01,8.585170340681362688e+01,3.262493676197796511e+00
8.603206412825652194e+01,4.000000000000000000e+01,8.603206412825652194e+01,1.511411603376336732e+00
8.621242484969940278e+01,4.000000000000000000e+01,8.621242484969940278e+01,9.784735812133077415e-01
8.639278557114229784e+01,4.000000000000000000e+01,8.639278557114229784e+01,9.784735812133078525e-01
8.657314629258517868e+01,4.000000000000000000e+01,8.657314629258517868e+01,9.784735812133078525e-01
8.675350701402805953e+01,4.000000000000000000e+01,8.675350701402805953e+01,9.784735812133078525e-01
8.693386773547095459e+01,4.000000000000000000e+01,8.693386773547095459e+01,9.784735812133078525e-01
8.711422845691383543e+01,4.000000000000000000e+01,8.711422845691383543e+01,2.184904708307682242e+00
8.729458917835671627e+01,4.000000000000000000e+01,8.729458917835671627e+01,3.900848010437020452e+00
8.747494989979961133e+01,4.000000000000000000e+01,8.747494989979961133e+01,3.900848010437020008e+00
8.765531062124249218e+01,4.000000000000000000e+01,8.765531062124249218e+01,3.285919523325856684e+00
8.783567134268537302e+01,4.000000000000000000e+01,8.783567134268537302e+01,1.534837450504452194e+00
8.801603206412826808e+01,4.000000000000000000e+01,8.801603206412826808e+01,2.173191784743706112e+00
8.819639278557114892e+01,4.000000000000000000e+01,8.819639278557114892e+01,3.900848010437019564e+00
8.837675350701402976e+01,4.000000000000000000e+01,8.837675350701402976e+01,3.900848010437020008e+00
8.855711422845692482e+01,4.000000000000000000e+01,8.855711422845692482e+01,3.297632446889832369e+00
8.873747494989980567e+01,4.000000000000000000e+01,8.873747494989980567e+01,1.546550374068428546e+00
8.891783567134268651e+01,4.000000000000000000e+01,8.891783567134268651e+01,6.615971669366245145e-01
8.909819639278558157e+01,4.000000000000000000e+01,8.909819639278558157e+01,1.949103686825731652e-01
8.927855711422846241e+01,4.000000000000000000e+01,8.927855711422846241e+01,7.765040844899603889e-02
8.945891783567134325e+01,4.000000000000000000e+01,8.945891783567134325e+01,0.000000000000000000e+00
8.963927855711423831e+01,4.000000000000000000e+01,8.963927855711423831e+01,0.000000000000000000e+00
8.981963927855711916e+01,4.000000000000000000e+01,8.981963927855711916e+01,0.000000000000000000e+00
9.000000000000000000e+01,4.000000000000000000e+01,9.000000000000000000e+01,0.000000000000000000e+00
